INSERT INTO marcher (idMarcher, nomMarcher, prixLocation ,x , y , longueur , largeur) VALUES ('Nosy Be', 'Nosy Be', 10 , 0 , 0 ,300, 300 );
INSERT INTO marcher (idMarcher, nomMarcher, prixLocation ,x , y , longueur , largeur) VALUES ('Andravoahangy', 'Andravoangy', 10 , 10 , 350 ,300 , 300);

INSERT INTO marcher_ra (idMarcher, annee, mois, valeur) VALUES ('Nosy Be', 2022, 1, 11000);
INSERT INTO marcher_ra (idMarcher, annee, mois, valeur) VALUES ('Nosy Be', 2023, 1, 12000);

INSERT INTO marcher_ra (idMarcher, annee, mois, valeur) VALUES ('Andravoahangy', 2022, 1, 13000);
INSERT INTO marcher_ra (idMarcher, annee, mois, valeur) VALUES ('Andravoahangy', 2023, 1, 14000);


INSERT INTO locataire  (idLocataire , nomLocataire) VALUES ('C1', 'C1');
INSERT INTO locataire  (idLocataire , nomLocataire) VALUES ('C2', 'C2');
INSERT INTO locataire  (idLocataire , nomLocataire) VALUES ('C3', 'C3');
INSERT INTO locataire  (idLocataire , nomLocataire) VALUES ('C4', 'C4');
INSERT INTO locataire  (idLocataire , nomLocataire) VALUES ('C5', 'C5');

INSERT INTO locataire  (idLocataire , nomLocataire) VALUES ('NC1', 'NC1');
INSERT INTO locataire  (idLocataire , nomLocataire) VALUES ('NC2', 'NC2');
INSERT INTO locataire  (idLocataire , nomLocataire) VALUES ('NC3', 'NC3');

INSERT INTO box (idBox, nomBox, longueur, largeur) VALUES ('Box1', '1', 3.16, 3.16);
INSERT INTO box (idBox, nomBox, longueur, largeur) VALUES ('Box2', '2', 3.16, 3.16);
INSERT INTO box (idBox, nomBox, longueur, largeur) VALUES ('Box3', '3', 3.16, 3.16);
INSERT INTO box (idBox, nomBox, longueur, largeur) VALUES ('Box4', '4', 3.16, 3.16);
INSERT INTO box (idBox, nomBox, longueur, largeur) VALUES ('Box5', '5', 3.16, 3.16);
INSERT INTO box (idBox, nomBox, longueur, largeur) VALUES ('Box6', '6', 3.16, 3.16);
INSERT INTO box (idBox, nomBox, longueur, largeur) VALUES ('Box7', '7', 3.16, 3.16);
INSERT INTO box (idBox, nomBox, longueur, largeur) VALUES ('Box8', '8', 3.16, 3.16);
INSERT INTO box (idBox, nomBox, longueur, largeur) VALUES ('Box9', '9', 3.16, 3.16);
INSERT INTO box (idBox, nomBox, longueur, largeur) VALUES ('Box10', '10', 3.16, 3.16);
INSERT INTO box (idBox, nomBox, longueur, largeur) VALUES ('Box11', '11', 3.16, 3.16);
INSERT INTO box (idBox, nomBox, longueur, largeur) VALUES ('Box12', '12', 3.16, 3.16);
INSERT INTO box (idBox, nomBox, longueur, largeur) VALUES ('Box13', '13', 3.16, 3.16);
INSERT INTO box (idBox, nomBox, longueur, largeur) VALUES ('Box14', '14', 3.16, 3.16);
INSERT INTO box (idBox, nomBox, longueur, largeur) VALUES ('Box15', '15', 3.16, 3.16);
INSERT INTO box (idBox, nomBox, longueur, largeur) VALUES ('Box16', '16', 3.16, 3.16);
INSERT INTO box (idBox, nomBox, longueur, largeur) VALUES ('Box17', '17', 3.16, 3.16);
INSERT INTO box (idBox, nomBox, longueur, largeur) VALUES ('Box18', '18', 3.16, 3.16);
INSERT INTO box (idBox, nomBox, longueur, largeur) VALUES ('Box19', '19', 3.16, 3.16);
INSERT INTO box (idBox, nomBox, longueur, largeur) VALUES ('Box20', '20', 3.16, 3.16);



INSERT INTO box (idBox, nomBox, longueur, largeur) VALUES ('Box21', '1', 3.87, 3.87);
INSERT INTO box (idBox, nomBox, longueur, largeur) VALUES ('Box22', '2', 3.87, 3.87);
INSERT INTO box (idBox, nomBox, longueur, largeur) VALUES ('Box23', '3', 3.87, 3.87);
INSERT INTO box (idBox, nomBox, longueur, largeur) VALUES ('Box24', '4', 3.87, 3.87);
INSERT INTO box (idBox, nomBox, longueur, largeur) VALUES ('Box25', '5', 3.87, 3.87);
INSERT INTO box (idBox, nomBox, longueur, largeur) VALUES ('Box26', '6', 3.87, 3.87);
INSERT INTO box (idBox, nomBox, longueur, largeur) VALUES ('Box27', '7', 3.87, 3.87);
INSERT INTO box (idBox, nomBox, longueur, largeur) VALUES ('Box28', '8', 3.87, 3.87);
INSERT INTO box (idBox, nomBox, longueur, largeur) VALUES ('Box29', '9', 3.87, 3.87);
INSERT INTO box (idBox, nomBox, longueur, largeur) VALUES ('Box30', '10', 3.87, 3.87);
INSERT INTO box (idBox, nomBox, longueur, largeur) VALUES ('Box31', '11', 3.87, 3.87);
INSERT INTO box (idBox, nomBox, longueur, largeur) VALUES ('Box32', '12', 3.87, 3.87);
INSERT INTO box (idBox, nomBox, longueur, largeur) VALUES ('Box33', '13', 3.87, 3.87);
INSERT INTO box (idBox, nomBox, longueur, largeur) VALUES ('Box34', '14', 3.87, 3.87);
INSERT INTO box (idBox, nomBox, longueur, largeur) VALUES ('Box35', '15', 3.87, 3.87);

INSERT INTO marcher_box (idBox, idMarcher) VALUES ('Box1', 'Nosy Be');
INSERT INTO marcher_box (idBox, idMarcher) VALUES ('Box2', 'Nosy Be');
INSERT INTO marcher_box (idBox, idMarcher) VALUES ('Box3', 'Nosy Be');
INSERT INTO marcher_box (idBox, idMarcher) VALUES ('Box4', 'Nosy Be');
INSERT INTO marcher_box (idBox, idMarcher) VALUES ('Box5', 'Nosy Be');
INSERT INTO marcher_box (idBox, idMarcher) VALUES ('Box6', 'Nosy Be');
INSERT INTO marcher_box (idBox, idMarcher) VALUES ('Box7', 'Nosy Be');
INSERT INTO marcher_box (idBox, idMarcher) VALUES ('Box8', 'Nosy Be');
INSERT INTO marcher_box (idBox, idMarcher) VALUES ('Box9', 'Nosy Be');
INSERT INTO marcher_box (idBox, idMarcher) VALUES ('Box10', 'Nosy Be');
INSERT INTO marcher_box (idBox, idMarcher) VALUES ('Box11', 'Nosy Be');
INSERT INTO marcher_box (idBox, idMarcher) VALUES ('Box12', 'Nosy Be');
INSERT INTO marcher_box (idBox, idMarcher) VALUES ('Box13', 'Nosy Be');
INSERT INTO marcher_box (idBox, idMarcher) VALUES ('Box14', 'Nosy Be');
INSERT INTO marcher_box (idBox, idMarcher) VALUES ('Box15', 'Nosy Be');
INSERT INTO marcher_box (idBox, idMarcher) VALUES ('Box16', 'Nosy Be');
INSERT INTO marcher_box (idBox, idMarcher) VALUES ('Box17', 'Nosy Be');
INSERT INTO marcher_box (idBox, idMarcher) VALUES ('Box18', 'Nosy Be');
INSERT INTO marcher_box (idBox, idMarcher) VALUES ('Box19', 'Nosy Be');
INSERT INTO marcher_box (idBox, idMarcher) VALUES ('Box20', 'Nosy Be');


INSERT INTO marcher_box (idBox, idMarcher) VALUES ('Box21', 'Andravoahangy');
INSERT INTO marcher_box (idBox, idMarcher) VALUES ('Box22', 'Andravoahangy');
INSERT INTO marcher_box (idBox, idMarcher) VALUES ('Box23', 'Andravoahangy');
INSERT INTO marcher_box (idBox, idMarcher) VALUES ('Box24', 'Andravoahangy');
INSERT INTO marcher_box (idBox, idMarcher) VALUES ('Box25', 'Andravoahangy');
INSERT INTO marcher_box (idBox, idMarcher) VALUES ('Box26', 'Andravoahangy');
INSERT INTO marcher_box (idBox, idMarcher) VALUES ('Box27', 'Andravoahangy');
INSERT INTO marcher_box (idBox, idMarcher) VALUES ('Box28', 'Andravoahangy');
INSERT INTO marcher_box (idBox, idMarcher) VALUES ('Box29', 'Andravoahangy');
INSERT INTO marcher_box (idBox, idMarcher) VALUES ('Box30', 'Andravoahangy');
INSERT INTO marcher_box (idBox, idMarcher) VALUES ('Box31', 'Andravoahangy');
INSERT INTO marcher_box (idBox, idMarcher) VALUES ('Box32', 'Andravoahangy');
INSERT INTO marcher_box (idBox, idMarcher) VALUES ('Box33', 'Andravoahangy');
INSERT INTO marcher_box (idBox, idMarcher) VALUES ('Box34', 'Andravoahangy');
INSERT INTO marcher_box (idBox, idMarcher) VALUES ('Box35', 'Andravoahangy');


INSERT INTO contrat (idBox , idLocataire ,  moisDebut ,  anneeDebut , moisFin  , anneeFin , dateSignature )VALUES ('Box1' , 'C1' , 1 , 2022 , 1 , 2023  , now());
INSERT INTO contrat (idBox , idLocataire ,  moisDebut ,  anneeDebut , moisFin  , anneeFin , dateSignature )VALUES ('Box2' , 'C1' , 1 , 2022 , 1 , 2023  , now());
INSERT INTO contrat (idBox , idLocataire ,  moisDebut ,  anneeDebut , moisFin  , anneeFin , dateSignature )VALUES ('Box3' , 'C1' , 1 , 2022 , 1 , 2023  , now());
INSERT INTO contrat (idBox , idLocataire ,  moisDebut ,  anneeDebut , moisFin  , anneeFin , dateSignature )VALUES ('Box4' , 'C1' , 1 , 2022 , 1 , 2023  , now());
INSERT INTO contrat (idBox , idLocataire ,  moisDebut ,  anneeDebut , moisFin  , anneeFin , dateSignature )VALUES ('Box5' , 'C1' , 1 , 2022 , 1 , 2023  , now());

INSERT INTO contrat (idBox , idLocataire ,  moisDebut ,  anneeDebut , moisFin  , anneeFin , dateSignature )VALUES ('Box6' , 'C2' , 1 , 2022 , 1 , 2050  , now());
INSERT INTO contrat (idBox , idLocataire ,  moisDebut ,  anneeDebut , moisFin  , anneeFin , dateSignature )VALUES ('Box7' , 'C2' , 1 , 2022 , 1 , 2050  , now());
INSERT INTO contrat (idBox , idLocataire ,  moisDebut ,  anneeDebut , moisFin  , anneeFin , dateSignature )VALUES ('Box8' , 'C2' , 1 , 2022 , 1 , 2050  , now());
INSERT INTO contrat (idBox , idLocataire ,  moisDebut ,  anneeDebut , moisFin  , anneeFin , dateSignature )VALUES ('Box9' , 'C2' , 1 , 2022 , 1 , 2050  , now());
INSERT INTO contrat (idBox , idLocataire ,  moisDebut ,  anneeDebut , moisFin  , anneeFin , dateSignature )VALUES ('Box10' , 'C2' , 1 , 2022 , 1 , 2050  , now());

INSERT INTO contrat (idBox , idLocataire ,  moisDebut ,  anneeDebut , moisFin  , anneeFin , dateSignature )VALUES ('Box11' , 'C3' , 1 , 2022 , 1 , 2050  , now());
INSERT INTO contrat (idBox , idLocataire ,  moisDebut ,  anneeDebut , moisFin  , anneeFin , dateSignature )VALUES ('Box12' , 'C3' , 1 , 2022 , 1 , 2050  , now());
INSERT INTO contrat (idBox , idLocataire ,  moisDebut ,  anneeDebut , moisFin  , anneeFin , dateSignature )VALUES ('Box13' , 'C3' , 1 , 2022 , 1 , 2050  , now());
INSERT INTO contrat (idBox , idLocataire ,  moisDebut ,  anneeDebut , moisFin  , anneeFin , dateSignature )VALUES ('Box14' , 'C3' , 1 , 2022 , 1 , 2050  , now());
INSERT INTO contrat (idBox , idLocataire ,  moisDebut ,  anneeDebut , moisFin  , anneeFin , dateSignature )VALUES ('Box15' , 'C3' , 1 , 2022 , 1 , 2050  , now());

INSERT INTO contrat (idBox , idLocataire ,  moisDebut ,  anneeDebut , moisFin  , anneeFin , dateSignature )VALUES ('Box16' , 'C4' , 1 , 2022 , 1 , 2050  , now());
INSERT INTO contrat (idBox , idLocataire ,  moisDebut ,  anneeDebut , moisFin  , anneeFin , dateSignature )VALUES ('Box17' , 'C4' , 1 , 2022 , 1 , 2050  , now());
INSERT INTO contrat (idBox , idLocataire ,  moisDebut ,  anneeDebut , moisFin  , anneeFin , dateSignature )VALUES ('Box18' , 'C4' , 1 , 2022 , 1 , 2050  , now());
INSERT INTO contrat (idBox , idLocataire ,  moisDebut ,  anneeDebut , moisFin  , anneeFin , dateSignature )VALUES ('Box19' , 'C4' , 1 , 2022 , 1 , 2050  , now());
INSERT INTO contrat (idBox , idLocataire ,  moisDebut ,  anneeDebut , moisFin  , anneeFin , dateSignature )VALUES ('Box20' , 'C4' , 1 , 2022 , 1 , 2050  , now());

INSERT INTO contrat (idBox , idLocataire ,  moisDebut ,  anneeDebut , moisFin  , anneeFin , dateSignature )VALUES ('Box21' , 'C4' , 1 , 2022 , 1 , 2023  , now());
INSERT INTO contrat (idBox , idLocataire ,  moisDebut ,  anneeDebut , moisFin  , anneeFin , dateSignature )VALUES ('Box22' , 'C4' , 1 , 2022 , 1 , 2023  , now());
INSERT INTO contrat (idBox , idLocataire ,  moisDebut ,  anneeDebut , moisFin  , anneeFin , dateSignature )VALUES ('Box23' , 'C4' , 1 , 2022 , 1 , 2023  , now());
INSERT INTO contrat (idBox , idLocataire ,  moisDebut ,  anneeDebut , moisFin  , anneeFin , dateSignature )VALUES ('Box24' , 'C4' , 1 , 2022 , 1 , 2023  , now());
INSERT INTO contrat (idBox , idLocataire ,  moisDebut ,  anneeDebut , moisFin  , anneeFin , dateSignature )VALUES ('Box25' , 'C4' , 1 , 2022 , 1 , 2023  , now());
INSERT INTO contrat (idBox , idLocataire ,  moisDebut ,  anneeDebut , moisFin  , anneeFin , dateSignature )VALUES ('Box26' , 'C4' , 1 , 2022 , 1 , 2050  , now());
INSERT INTO contrat (idBox , idLocataire ,  moisDebut ,  anneeDebut , moisFin  , anneeFin , dateSignature )VALUES ('Box27' , 'C4' , 1 , 2022 , 1 , 2050  , now());
INSERT INTO contrat (idBox , idLocataire ,  moisDebut ,  anneeDebut , moisFin  , anneeFin , dateSignature )VALUES ('Box28' , 'C4' , 1 , 2022 , 1 , 2050  , now());
INSERT INTO contrat (idBox , idLocataire ,  moisDebut ,  anneeDebut , moisFin  , anneeFin , dateSignature )VALUES ('Box29' , 'C4' , 1 , 2022 , 1 , 2050  , now());
INSERT INTO contrat (idBox , idLocataire ,  moisDebut ,  anneeDebut , moisFin  , anneeFin , dateSignature )VALUES ('Box30' , 'C4' , 1 , 2022 , 1 , 2050  , now());

INSERT INTO contrat (idBox , idLocataire ,  moisDebut ,  anneeDebut , moisFin  , anneeFin , dateSignature )VALUES ('Box31' , 'C5' , 1 , 2022 , 1 , 2023  , now());
INSERT INTO contrat (idBox , idLocataire ,  moisDebut ,  anneeDebut , moisFin  , anneeFin , dateSignature )VALUES ('Box32' , 'C5' , 1 , 2022 , 1 , 2023  , now());
INSERT INTO contrat (idBox , idLocataire ,  moisDebut ,  anneeDebut , moisFin  , anneeFin , dateSignature )VALUES ('Box33' , 'C5' , 1 , 2022 , 1 , 2023  , now());
INSERT INTO contrat (idBox , idLocataire ,  moisDebut ,  anneeDebut , moisFin  , anneeFin , dateSignature )VALUES ('Box34' , 'C5' , 1 , 2022 , 1 , 2023  , now());
INSERT INTO contrat (idBox , idLocataire ,  moisDebut ,  anneeDebut , moisFin  , anneeFin , dateSignature )VALUES ('Box35' , 'C5' , 1 , 2022 , 1 , 2023  , now());


INSERT INTO contrat (idBox , idLocataire ,  moisDebut ,  anneeDebut , moisFin  , anneeFin , dateSignature )VALUES ('Box1' , 'NC1' , 1 , 2023 , 1 , 2050  , now());
INSERT INTO contrat (idBox , idLocataire ,  moisDebut ,  anneeDebut , moisFin  , anneeFin , dateSignature )VALUES ('Box2' , 'NC1' , 1 , 2023 , 1 , 2050  , now());
INSERT INTO contrat (idBox , idLocataire ,  moisDebut ,  anneeDebut , moisFin  , anneeFin , dateSignature )VALUES ('Box3' , 'NC1' , 1 , 2023 , 1 , 2050  , now());
INSERT INTO contrat (idBox , idLocataire ,  moisDebut ,  anneeDebut , moisFin  , anneeFin , dateSignature )VALUES ('Box4' , 'NC1' , 1 , 2023 , 1 , 2050  , now());
INSERT INTO contrat (idBox , idLocataire ,  moisDebut ,  anneeDebut , moisFin  , anneeFin , dateSignature )VALUES ('Box5' , 'NC1' , 1 , 2023 , 1 , 2050  , now());


INSERT INTO contrat (idBox , idLocataire ,  moisDebut ,  anneeDebut , moisFin  , anneeFin , dateSignature )VALUES ('Box21' , 'NC2' , 1 , 2023 , 1 , 2050  , now());
INSERT INTO contrat (idBox , idLocataire ,  moisDebut ,  anneeDebut , moisFin  , anneeFin , dateSignature )VALUES ('Box22' , 'NC2' , 1 , 2023 , 1 , 2050  , now());
INSERT INTO contrat (idBox , idLocataire ,  moisDebut ,  anneeDebut , moisFin  , anneeFin , dateSignature )VALUES ('Box23' , 'NC2' , 1 , 2023 , 1 , 2050  , now());
INSERT INTO contrat (idBox , idLocataire ,  moisDebut ,  anneeDebut , moisFin  , anneeFin , dateSignature )VALUES ('Box24' , 'NC2' , 1 , 2023 , 1 , 2050  , now());
INSERT INTO contrat (idBox , idLocataire ,  moisDebut ,  anneeDebut , moisFin  , anneeFin , dateSignature )VALUES ('Box25' , 'NC2' , 1 , 2023 , 1 , 2050  , now());

INSERT INTO contrat (idBox , idLocataire ,  moisDebut ,  anneeDebut , moisFin  , anneeFin , dateSignature )VALUES ('Box31' , 'NC3' , 1 , 2023 , 1 , 2050  , now());
INSERT INTO contrat (idBox , idLocataire ,  moisDebut ,  anneeDebut , moisFin  , anneeFin , dateSignature )VALUES ('Box32' , 'NC3' , 1 , 2023 , 1 , 2050  , now());
INSERT INTO contrat (idBox , idLocataire ,  moisDebut ,  anneeDebut , moisFin  , anneeFin , dateSignature )VALUES ('Box33' , 'NC3' , 1 , 2023 , 1 , 2050  , now());
INSERT INTO contrat (idBox , idLocataire ,  moisDebut ,  anneeDebut , moisFin  , anneeFin , dateSignature )VALUES ('Box34' , 'NC3' , 1 , 2023 , 1 , 2050  , now());
INSERT INTO contrat (idBox , idLocataire ,  moisDebut ,  anneeDebut , moisFin  , anneeFin , dateSignature )VALUES ('Box35' , 'NC3' , 1 , 2023 , 1 , 2050  , now());






























